,cumulative_return,cumulative_capital,maxdd
2022-07-01-09:35,0.024047641505885595,1024047.6415058856,0.0
2022-07-01-09:40,0.006006091839654747,1005572.2351210706,-0.01804154966623085
2022-07-01-09:45,-0.005917078079681396,993582.6264955554,-0.02996471958556699
2022-07-01-09:50,0.001200124475313087,1000654.1553034476,-0.02996471958556699
2022-07-01-09:55,-0.006815921248384117,992632.8658409276,-0.030863562754269713
2022-07-01-10:00,-0.002536902745715861,996880.3602402175,-0.030863562754269713
2022-07-01-10:05,-0.010369078836893317,989072.6177169797,-0.034416720342778914
2022-07-01-10:10,-0.0019291193177557158,997420.3505719984,-0.034416720342778914
2022-07-01-10:15,-0.004898019852621215,994459.1087596994,-0.034416720342778914
2022-07-01-10:20,-0.004490945429739133,994863.9276274776,-0.034416720342778914
2022-07-01-10:25,-0.005598986221827284,993761.5778130892,-0.034416720342778914
2022-07-01-10:30,-0.003563617781876077,995784.2487654061,-0.034416720342778914
2022-07-01-10:35,-0.00018320925189655368,999150.406333952,-0.034416720342778914
2022-07-01-10:40,0.006750992484095752,1006078.7168160704,-0.034416720342778914
2022-07-01-10:45,0.0014856644216314106,1000781.3823153706,-0.034416720342778914
2022-07-01-10:50,0.010824194110187327,1010127.2089658767,-0.034416720342778914
2022-07-01-10:55,-0.0006605192107973692,998526.1875531772,-0.034416720342778914
2022-07-01-11:00,-0.002011634687357191,997177.0633674238,-0.034416720342778914
2022-07-01-11:05,0.0033223009630529363,1002495.9416554905,-0.034416720342778914
2022-07-01-11:10,0.001631614797368301,1000801.0356357786,-0.034416720342778914
2022-07-01-11:15,0.005902339827127355,1005075.1816684771,-0.034416720342778914
2022-07-01-11:20,-0.00016420588849150493,998977.8471312515,-0.034416720342778914
2022-07-01-11:25,-0.0032274827788572767,995917.701378147,-0.034416720342778914
2022-07-01-11:30,-0.005501801132148897,993652.6674715347,-0.034416720342778914
2022-07-01-13:05,0.0026870422489292823,1001789.5335406497,-0.034416720342778914
2022-07-01-13:10,-0.0012791587718620333,997816.2348701027,-0.034416720342778914
2022-07-01-13:15,-0.0017840385608455804,997312.4576199972,-0.034416720342778914
2022-07-01-13:20,-0.005351574744088634,993754.5093414389,-0.034416720342778914
2022-07-01-13:25,-0.006969440129016735,992146.7483196591,-0.034416720342778914
2022-07-01-13:30,-0.008208121850386947,990917.7942775987,-0.034416720342778914
2022-07-01-13:35,-0.011035301588456902,988116.2915675241,-0.0350829430943425
2022-07-01-13:40,-0.012635183763768314,986535.4219255104,-0.03668282526965391
2022-07-01-13:45,-0.015572781319625032,983637.3778812959,-0.03962042282551063
2022-07-01-13:50,-0.018891919905243387,980372.5491061136,-0.04293956141112898
2022-07-01-13:55,-0.015801938629407455,983401.8819261951,-0.04293956141112898
2022-07-01-14:00,-0.024364340267081994,974981.6000418981,-0.048411981772967586
2022-07-01-14:05,-0.023796181223382066,975535.5446554029,-0.048411981772967586
2022-07-01-14:10,-0.021202341543676256,978065.9274600935,-0.048411981772967586
2022-07-01-14:15,-0.028008183078495272,971409.3657471944,-0.052055824584380864
2022-07-01-14:20,-0.026522899101253834,972852.184513481,-0.052055824584380864
2022-07-01-14:25,-0.028017367080772158,971398.2880749211,-0.05206500858665775
2022-07-01-14:30,-0.029321195717471438,970131.7511692883,-0.05336883722335703
2022-07-01-14:35,-0.031224897580093423,968284.9095475986,-0.05527253908597902
2022-07-01-14:40,-0.030273418274838013,969206.2126006242,-0.05527253908597902
2022-07-01-14:45,-0.026514248692343003,972849.6231141976,-0.05527253908597902
2022-07-01-14:50,-0.03551220627606185,964095.9634700792,-0.05955984778194745
2022-07-01-14:55,-0.029096312424684453,970281.5008342447,-0.05955984778194745
2022-07-01-15:00,-0.03035442379479308,969060.778645839,-0.05955984778194745
2022-07-04-09:35,-0.014641417247419838,984287.6370055035,-0.05955984778194745
2022-07-04-09:40,-0.012546191876153842,986349.941435181,-0.05955984778194745
2022-07-04-09:45,-0.0025083028545931224,996250.8126837302,-0.05955984778194745
2022-07-04-09:50,-0.00032815560575492507,998422.7861521555,-0.05955984778194745
2022-07-04-09:55,-0.006384695785512028,992375.7984314399,-0.05955984778194745
2022-07-04-10:00,0.006544218435268909,1005206.1400041389,-0.05955984778194745
2022-07-04-10:05,0.006909334041399777,1005573.156453233,-0.05955984778194745
2022-07-04-10:10,0.018260173390872575,1016987.2558062759,-0.05955984778194745
2022-07-04-10:15,0.008079415350076216,1006633.5546243388,-0.05955984778194745
2022-07-04-10:20,0.019015947900869686,1017642.6352612089,-0.05955984778194745
2022-07-04-10:25,0.019549135749064694,1018185.2299481354,-0.05955984778194745
2022-07-04-10:30,0.015249156931663963,1013807.0550271681,-0.05955984778194745
2022-07-04-10:35,0.020216726522185615,1018843.2121243774,-0.05955984778194745
2022-07-04-10:40,0.01778141983095107,1016362.0164325719,-0.05955984778194745
2022-07-04-10:45,0.01579419756413672,1014342.2792023728,-0.05955984778194745
2022-07-04-10:50,0.012285433850319612,1010783.191819717,-0.05955984778194745
2022-07-04-10:55,0.012315318637563,1010813.3988603536,-0.05955984778194745
2022-07-04-11:00,0.01723060558582845,1015781.8367669036,-0.05955984778194745
2022-07-04-11:05,0.028494357452630917,1027223.3513270508,-0.05955984778194745
2022-07-04-11:10,0.022482473867438776,1021047.8041228817,-0.05955984778194745
2022-07-04-11:15,0.027423842712745686,1026093.1779317434,-0.05955984778194745
2022-07-04-11:20,0.03131823608446082,1030089.1884026428,-0.05955984778194745
2022-07-04-11:25,0.01613361230489265,1014447.671617348,-0.05955984778194745
2022-07-04-11:30,0.020814108862260036,1019195.7904519824,-0.05955984778194745
2022-07-04-13:05,0.02055483330226098,1018931.5378926643,-0.05955984778194745
2022-07-04-13:10,0.023157106576078106,1021583.0762015717,-0.05955984778194745
2022-07-04-13:15,0.022776034630781476,1021193.7795514414,-0.05955984778194745
2022-07-04-13:20,0.028380884297416135,1026917.4171663296,-0.05955984778194745
2022-07-04-13:25,0.022520147274207127,1020898.9242397647,-0.05955984778194745
2022-07-04-13:30,0.020759115002558618,1019101.0882880873,-0.05955984778194745
2022-07-04-13:35,0.022527479740666167,1020903.2307171829,-0.05955984778194745
2022-07-04-13:40,0.022829087978890505,1021211.143541997,-0.05955984778194745
2022-07-04-13:45,0.01969156320592515,1018007.0682807056,-0.05955984778194745
2022-07-04-13:50,0.022448448092791284,1020813.5965819716,-0.05955984778194745
2022-07-04-13:55,0.021820383781624906,1020172.4599936052,-0.05955984778194745
2022-07-04-14:00,0.01845144698801609,1016735.5634573062,-0.05955984778194745
2022-07-04-14:05,0.014963575944648193,1013189.3209267611,-0.05955984778194745
2022-07-04-14:10,0.01551914619920114,1013752.2187756988,-0.05955984778194745
2022-07-04-14:15,0.014340572468054407,1012557.4370407581,-0.05955984778194745
2022-07-04-14:20,0.011982320049367329,1010169.5710157972,-0.05955984778194745
2022-07-04-14:25,0.00937692863596521,1007537.6838893925,-0.05955984778194745
2022-07-04-14:30,0.012668939723700853,1010854.5091160679,-0.05955984778194745
2022-07-04-14:35,0.008187406482088953,1006324.331031031,-0.05955984778194745
2022-07-04-14:40,0.014706813555251372,1012884.9689926502,-0.05955984778194745
2022-07-04-14:45,0.00563227688378966,1003693.507197554,-0.05955984778194745
2022-07-04-14:50,0.008572676435664095,1006644.7671363369,-0.05955984778194745
2022-07-04-14:55,0.010187284078134382,1008270.103470608,-0.05955984778194745
2022-07-04-15:00,0.010377448295602512,1008461.840365831,-0.05955984778194745
2022-07-05-09:35,0.008241144790367128,1006307.4598013613,-0.05955984778194745
2022-07-05-09:40,0.010381736655714244,1008461.5533638503,-0.05955984778194745
2022-07-05-09:45,0.019457325038049873,1017613.9353215914,-0.05955984778194745
2022-07-05-09:50,0.030174387615181195,1028519.7675457938,-0.05955984778194745
2022-07-05-09:55,0.024437785417537973,1022619.558786971,-0.05955984778194745
2022-07-05-10:00,0.025989750969128644,1024206.6291145914,-0.05955984778194745
2022-07-05-10:05,0.0221896813301249,1020314.5725992267,-0.05955984778194745
2022-07-05-10:10,0.01462130768513972,1012592.4506783724,-0.05955984778194745
2022-07-05-10:15,0.016325657914579603,1014318.2628540151,-0.05955984778194745
2022-07-05-10:20,0.014340315385669256,1012304.4936689206,-0.05955984778194745
2022-07-05-10:25,0.02013019051795948,1018165.61028312,-0.05955984778194745
2022-07-05-10:30,0.014780975433423375,1012719.2234420376,-0.05955984778194745
2022-07-05-10:35,0.012655848353224787,1010567.0663956632,-0.05955984778194745
2022-07-05-10:40,0.017173735795874674,1015132.6946548878,-0.05955984778194745
2022-07-05-10:45,0.021488675150031666,1019512.9306687457,-0.05955984778194745
2022-07-05-10:50,0.013190422327375455,1011052.7546140893,-0.05955984778194745
2022-07-05-10:55,0.012556822888589452,1010412.1521561827,-0.05955984778194745
2022-07-05-11:00,0.007401996452363178,1005203.6528827638,-0.05955984778194745
2022-07-05-11:05,0.008019187887908811,1005824.0559683023,-0.05955984778194745
2022-07-05-11:10,0.010135180488070624,1007952.3722277959,-0.05955984778194745
2022-07-05-11:15,0.016104952368579614,1013969.6179564137,-0.05955984778194745
2022-07-05-11:20,0.02113101219649665,1019065.8899199527,-0.05955984778194745
2022-07-05-11:25,0.012965366077593566,1010744.5584910213,-0.05955984778194745
2022-07-05-11:30,0.007660827978985792,1005383.0254725452,-0.05955984778194745
2022-07-05-13:05,0.0076955568240013985,1005417.9412638181,-0.05955984778194745
2022-07-05-13:10,0.013407411860863295,1011160.7427957773,-0.05955984778194745
2022-07-05-13:15,0.012708525166656853,1010454.0560069333,-0.05955984778194745
2022-07-05-13:20,0.013665581974629812,1011421.1179403786,-0.05955984778194745
2022-07-05-13:25,0.013779637796175864,1011536.4764069143,-0.05955984778194745
2022-07-05-13:30,0.016799103344304237,1014590.7759481001,-0.05955984778194745
2022-07-05-13:35,0.01675206082937914,1014543.0470463798,-0.05955984778194745
2022-07-05-13:40,0.009565563674553496,1007252.0363253328,-0.05955984778194745
2022-07-05-13:45,0.008653663237268825,1006333.522752952,-0.05955984778194745
2022-07-05-13:50,0.012440259548179065,1010144.1015577536,-0.05955984778194745
2022-07-05-13:55,0.0052640465342699335,1002895.0923102313,-0.05955984778194745
2022-07-05-14:00,0.007834762807706204,1005473.2510445826,-0.05955984778194745
2022-07-05-14:05,0.021941044311162596,1019656.739768013,-0.05955984778194745
2022-07-05-14:10,0.02610563079451636,1023903.1884441114,-0.05955984778194745
2022-07-05-14:15,0.02655356197772564,1024361.8266108029,-0.05955984778194745
2022-07-05-14:20,0.027107792413551077,1024929.5591124084,-0.05955984778194745
2022-07-05-14:25,0.03363288908507135,1031617.3235671155,-0.05955984778194745
2022-07-05-14:30,0.03734092622642833,1035442.5989185695,-0.05955984778194745
2022-07-05-14:35,0.03757743012070924,1035687.485125518,-0.05955984778194745
2022-07-05-14:40,0.04055442181609868,1038770.7181677555,-0.05955984778194745
2022-07-05-14:45,0.044412297825804505,1042778.1668009599,-0.05955984778194745
2022-07-05-14:50,0.04517465048728035,1043573.1315117496,-0.05955984778194745
2022-07-05-14:55,0.04398843508442354,1042335.2289891428,-0.05955984778194745
2022-07-05-15:00,0.04089877131141808,1039114.7635928077,-0.05955984778194745
2022-07-06-09:35,0.03820569367790401,1036316.3468643216,-0.05955984778194745
2022-07-06-09:40,0.05266535059916099,1051301.12570187,-0.05955984778194745
2022-07-06-09:45,0.04775954270637543,1046143.6443417075,-0.05955984778194745
2022-07-06-09:50,0.040153885303753564,1038187.0341889141,-0.05955984778194745
2022-07-06-09:55,0.04539804352547476,1043631.4512599404,-0.05955984778194745
2022-07-06-10:00,0.04964504251342936,1048063.7529772389,-0.05955984778194745
2022-07-06-10:05,0.051501315832094496,1050009.2457581505,-0.05955984778194745
2022-07-06-10:10,0.050911982987045294,1049390.4408220197,-0.05955984778194745
2022-07-06-10:15,0.05555345883672335,1054261.1612099782,-0.05955984778194745
2022-07-06-10:20,0.05939543577024055,1058311.6082732498,-0.05955984778194745
2022-07-06-10:25,0.06368601587858308,1062852.379008135,-0.05955984778194745
2022-07-06-10:30,0.07070332031260709,1070310.7377200618,-0.05955984778194745
2022-07-06-10:35,0.07150726459233747,1071171.2079151857,-0.05955984778194745
2022-07-06-10:40,0.06496590471828614,1064164.2915574901,-0.05955984778194745
2022-07-06-10:45,0.07523547358028385,1075092.8000301186,-0.05955984778194745
2022-07-06-10:50,0.0708345212051547,1070361.3678183418,-0.05955984778194745
2022-07-06-10:55,0.06526596027621653,1064400.9953256638,-0.05955984778194745
2022-07-06-11:00,0.06144834057395802,1060337.517114805,-0.05955984778194745
2022-07-06-11:05,0.06311786917469409,1062107.7809260616,-0.05955984778194745
2022-07-06-11:10,0.054792779656470024,1053265.6385718498,-0.05955984778194745
2022-07-06-11:15,0.05609478439357983,1054636.9954227053,-0.05955984778194745
2022-07-06-11:20,0.05477912037857387,1053249.4474789337,-0.05955984778194745
2022-07-06-11:25,0.05961258893663075,1058340.295567114,-0.05955984778194745
2022-07-06-11:30,0.05721865607043637,1055806.6999499379,-0.05955984778194745
2022-07-06-13:05,0.05910115768655374,1057794.2577689013,-0.05955984778194745
2022-07-06-13:10,0.0551124478016412,1053575.0233567348,-0.05955984778194745
2022-07-06-13:15,0.04936511286946295,1047519.774821326,-0.05955984778194745
2022-07-06-13:20,0.04890938069688294,1047042.3863585262,-0.05955984778194745
2022-07-06-13:25,0.050137371281450877,1048328.1445506181,-0.05955984778194745
2022-07-06-13:30,0.04830282762908284,1046404.940807434,-0.05955984778194745
2022-07-06-13:35,0.04933723729877132,1047487.352196615,-0.05955984778194745
2022-07-06-13:40,0.053056903377096926,1051383.655368056,-0.05955984778194745
2022-07-06-13:45,0.053571321729304844,1051924.5064155885,-0.05955984778194745
2022-07-06-13:50,0.05226440840990251,1050549.7322671483,-0.05955984778194745
2022-07-06-13:55,0.05410197779427778,1052480.190291926,-0.05955984778194745
2022-07-06-14:00,0.056511634932683595,1055016.3066954936,-0.05955984778194745
2022-07-06-14:05,0.06071129526922473,1059447.0168331268,-0.05955984778194745
2022-07-06-14:10,0.057282029831845604,1055813.8917955665,-0.05955984778194745
2022-07-06-14:15,0.058387448442121535,1056981.0081205452,-0.05955984778194745
2022-07-06-14:20,0.05735372955217203,1055888.386886133,-0.05955984778194745
2022-07-06-14:25,0.05877845725270324,1057392.7403195992,-0.05955984778194745
2022-07-06-14:30,0.06823379495688062,1067390.7457652665,-0.05955984778194745
2022-07-06-14:35,0.062241976718811626,1060995.134427644,-0.05955984778194745
2022-07-06-14:40,0.052976597537074836,1051164.6121971942,-0.05955984778194745
2022-07-06-14:45,0.05887587831765912,1057365.7273911594,-0.05955984778194745
2022-07-06-14:50,0.06111160313287033,1059729.7061866417,-0.05955984778194745
2022-07-06-14:55,0.059562639096459716,1058088.2229834427,-0.05955984778194745
2022-07-06-15:00,0.0573920841922331,1055791.5844019416,-0.05955984778194745
2022-07-07-09:35,0.06390892297945774,1062672.0079503974,-0.05955984778194745
2022-07-07-09:40,0.06767168371999327,1066670.5884619793,-0.05955984778194745
2022-07-07-09:45,0.06918308300646145,1068282.7536282772,-0.05955984778194745
2022-07-07-09:50,0.06931801356936935,1068426.897621569,-0.05955984778194745
2022-07-07-09:55,0.06970279746772957,1068838.0110883487,-0.05955984778194745
2022-07-07-10:00,0.06376172556238818,1062487.9676093108,-0.05955984778194745
2022-07-07-10:05,0.0670222044707195,1065952.1872180568,-0.05955984778194745
2022-07-07-10:10,0.07434299135364787,1073755.7960080714,-0.05955984778194745
2022-07-07-10:15,0.07006866213304087,1069166.210233398,-0.05955984778194745
2022-07-07-10:20,0.07408628945163721,1073461.721607752,-0.05955984778194745
2022-07-07-10:25,0.07711688290363494,1076714.9476722265,-0.05955984778194745
2022-07-07-10:30,0.08395015523746305,1084072.4341355741,-0.05955984778194745
2022-07-07-10:35,0.08472711704199669,1084914.7170102454,-0.05955984778194745
2022-07-07-10:40,0.07752265984396607,1077098.4953680316,-0.05955984778194745
2022-07-07-10:45,0.07563543494132614,1075065.768264977,-0.05955984778194745
2022-07-07-10:50,0.07174677290223415,1070885.2008223978,-0.05955984778194745
2022-07-07-10:55,0.06966556159647322,1068656.4624352742,-0.05955984778194745
2022-07-07-11:00,0.06907376536699282,1068024.0355701952,-0.05955984778194745
2022-07-07-11:05,0.06649129732204402,1065265.897627098,-0.05955984778194745
2022-07-07-11:10,0.06634422179207139,1065109.2230806428,-0.05955984778194745
2022-07-07-11:15,0.06971889477167185,1068703.6183960962,-0.05955984778194745
2022-07-07-11:20,0.07227107427227793,1071431.14186319,-0.05955984778194745
2022-07-07-11:25,0.0669475177784473,1065727.317650232,-0.05955984778194745
2022-07-07-11:30,0.060420904096308375,1058771.7271574268,-0.05955984778194745
2022-07-07-13:05,0.06759308892648261,1066365.4336775627,-0.05955984778194745
2022-07-07-13:10,0.06652955326337383,1065231.31600894,-0.05955984778194745
2022-07-07-13:15,0.06273129707095104,1061185.2945665466,-0.05955984778194745
2022-07-07-13:20,0.06638258549787265,1065059.9881514166,-0.05955984778194745
2022-07-07-13:25,0.060320813828475456,1058603.8376890318,-0.05955984778194745
2022-07-07-13:30,0.056696991775070905,1054767.6457561958,-0.05955984778194745
2022-07-07-13:35,0.06122182759330964,1059540.296179633,-0.05955984778194745
2022-07-07-13:40,0.051928445089009734,1049693.5829285164,-0.05955984778194745
2022-07-07-13:45,0.06614991665297815,1064621.7703690145,-0.05955984778194745
2022-07-07-13:50,0.06195655571460545,1060157.4270230078,-0.05955984778194745
2022-07-07-13:55,0.06392387763039571,1062243.097963378,-0.05955984778194745
2022-07-07-14:00,0.05781459601697888,1055753.5557360114,-0.05955984778194745
2022-07-07-14:05,0.05710085563429993,1055000.0217891256,-0.05955984778194745
2022-07-07-14:10,0.05391824143968254,1051642.363744458,-0.05955984778194745
2022-07-07-14:15,0.053716673704350903,1051430.3865748192,-0.05955984778194745
2022-07-07-14:20,0.05176399644384631,1049377.282367951,-0.05955984778194745
2022-07-07-14:25,0.05426971614091287,1052006.7276940346,-0.05955984778194745
2022-07-07-14:30,0.04488435927295889,1042133.2691271376,-0.05955984778194745
2022-07-07-14:35,0.035364863749817566,1032212.6861371652,-0.05955984778194745
2022-07-07-14:40,0.033732435644133696,1030527.6731372714,-0.05955984778194745
2022-07-07-14:45,0.032220204417476826,1028969.2770100192,-0.05955984778194745
2022-07-07-14:50,0.034725992372888204,1031547.6558308392,-0.05955984778194745
2022-07-07-14:55,0.03758617860075749,1034498.0742294373,-0.05955984778194745
2022-07-07-15:00,0.03609736060878476,1032957.8948838633,-0.05955984778194745
2022-07-08-09:35,0.05307515614242733,1050495.2428180634,-0.05955984778194745
2022-07-08-09:40,0.0520608077749261,1049429.674683443,-0.05955984778194745
2022-07-08-09:45,0.042213592995477424,1039095.7152809082,-0.05955984778194745
2022-07-08-09:50,0.04852504692092282,1045653.9200120313,-0.05955984778194745
2022-07-08-09:55,0.043558502863826655,1040460.6337498162,-0.05955984778194745
2022-07-08-10:00,0.04189834032002325,1038733.2999773629,-0.05955984778194745
2022-07-08-10:05,0.040437517697426956,1037215.8948739119,-0.05955984778194745
2022-07-08-10:10,0.049151088228168605,1046253.7487295021,-0.05955984778194745
2022-07-08-10:15,0.05053209301472438,1047698.6301644493,-0.05955984778194745
2022-07-08-10:20,0.04549379833781277,1042420.0157330842,-0.05955984778194745
2022-07-08-10:25,0.04027332860385329,1036978.093590876,-0.05955984778194745
2022-07-08-10:30,0.04219065359783831,1038966.3176079327,-0.05955984778194745
2022-07-08-10:35,0.05102651728386839,1048146.4823646932,-0.05955984778194745
2022-07-08-10:40,0.05248560274896513,1049675.8176624037,-0.05955984778194745
2022-07-08-10:45,0.052989815209079597,1050205.0772887499,-0.05955984778194745
2022-07-08-10:50,0.06010104291699171,1057673.3247333555,-0.05955984778194745
2022-07-08-10:55,0.05607669259466168,1053416.876748045,-0.05955984778194745
2022-07-08-11:00,0.06384708931156345,1061602.3437886569,-0.05955984778194745
2022-07-08-11:05,0.06130332021348257,1058901.872552077,-0.05955984778194745
2022-07-08-11:10,0.058200279319496444,1055616.0567388295,-0.05955984778194745
2022-07-08-11:15,0.0651027528170584,1062902.4185940702,-0.05955984778194745
2022-07-08-11:20,0.06115554129180928,1058706.9179171806,-0.05955984778194745
2022-07-08-11:25,0.05588882661631769,1053131.0106555417,-0.05955984778194745
2022-07-08-11:30,0.05742711308215006,1054751.0278359815,-0.05955984778194745
2022-07-08-13:05,0.0530127542893297,1050094.9783620173,-0.05955984778194745
2022-07-08-13:10,0.05727663241177309,1054572.4553667428,-0.05955984778194745
2022-07-08-13:15,0.064253922812908,1061930.5136368745,-0.05955984778194745
2022-07-08-13:20,0.06495938812995007,1062679.6687833539,-0.05955984778194745
2022-07-08-13:25,0.06867230256171653,1066625.3074619244,-0.05955984778194745
2022-07-08-13:30,0.06757693648275528,1065456.962281169,-0.05955984778194745
2022-07-08-13:35,0.0613986691931363,1058874.2843826103,-0.05955984778194745
2022-07-08-13:40,0.060388263895037056,1057804.3921956492,-0.05955984778194745
2022-07-08-13:45,0.06802748540542729,1065885.1942622955,-0.05955984778194745
2022-07-08-13:50,0.06230399025930106,1059784.6055266075,-0.05955984778194745
2022-07-08-13:55,0.051167657638397264,1047982.49165295,-0.05955984778194745
2022-07-08-14:00,0.058289611159740996,1055446.1742496844,-0.05955984778194745
2022-07-08-14:05,0.0613848040259808,1058712.9837189221,-0.05955984778194745
2022-07-08-14:10,0.05756052331956813,1054664.1680816573,-0.05955984778194745
2022-07-08-14:15,0.052424677516840455,1049247.575540728,-0.05955984778194745
2022-07-08-14:20,0.05096606557909179,1047717.1305013904,-0.05955984778194745
2022-07-08-14:25,0.053387588586229995,1050254.2016378725,-0.05955984778194745
2022-07-08-14:30,0.04964776397626905,1046326.4351278723,-0.05955984778194745
2022-07-08-14:35,0.05137654569807282,1048135.3051439613,-0.05955984778194745
2022-07-08-14:40,0.046114707734875096,1042620.187004787,-0.05955984778194745
2022-07-08-14:45,0.04231289494507964,1038656.3402429334,-0.05955984778194745
2022-07-08-14:50,0.04204248139419994,1038375.4734938246,-0.05955984778194745
2022-07-08-14:55,0.03567913355029931,1031767.9291634083,-0.05955984778194745
2022-07-08-15:00,0.04313048613634077,1039455.9957905746,-0.05955984778194745
2022-07-11-09:35,0.042933206925653083,1039250.9327321805,-0.05955984778194745
2022-07-11-09:40,0.03877826175736712,1034932.9020905882,-0.05955984778194745
2022-07-11-09:45,0.03298718530494632,1028939.5265314559,-0.05955984778194745
2022-07-11-09:50,0.03573360717900205,1031765.4285542025,-0.05955984778194745
2022-07-11-09:55,0.03592562356387986,1031963.5444218355,-0.05955984778194745
2022-07-11-10:00,0.03218110761338057,1028099.3404694141,-0.05955984778194745
2022-07-11-10:05,0.023640919255234812,1019319.1784509199,-0.06108619778676187
2022-07-11-10:10,0.023828831491933867,1019510.7209976529,-0.06108619778676187
2022-07-11-10:15,0.03278144148047444,1028638.0028618807,-0.06108619778676187
2022-07-11-10:20,0.048864463836368624,1045181.6108580306,-0.06108619778676187
2022-07-11-10:25,0.047021428998561716,1043255.3047373841,-0.06108619778676187
2022-07-11-10:30,0.05052500916784115,1046910.4333345577,-0.06108619778676187
2022-07-11-10:35,0.043733363465980585,1039800.1885897681,-0.06108619778676187
2022-07-11-10:40,0.04632164473893862,1042491.4839455133,-0.06108619778676187
2022-07-11-10:45,0.046324919591467756,1042494.897951386,-0.06108619778676187
2022-07-11-10:50,0.0467963038374424,1042986.3136227893,-0.06108619778676187
2022-07-11-10:55,0.03538811209641459,1031087.7257737129,-0.06108619778676187
2022-07-11-11:00,0.04297173890839674,1038907.1102963962,-0.06108619778676187
2022-07-11-11:05,0.04515079576293136,1041170.9479563122,-0.06108619778676187
2022-07-11-11:10,0.03881189444111504,1034571.0680580752,-0.06108619778676187
2022-07-11-11:15,0.04208972950423445,1037962.2213802449,-0.06108619778676187
2022-07-11-11:20,0.04641946028312193,1042456.3183574773,-0.06108619778676187
2022-07-11-11:25,0.04675839018242719,1042809.6379724884,-0.06108619778676187
2022-07-11-11:30,0.03376470550454012,1029259.6983576124,-0.06108619778676187
2022-07-11-13:05,0.03969525243954043,1035363.7713070265,-0.06108619778676187
2022-07-11-13:10,0.03808173334781248,1033693.1920951392,-0.06108619778676187
2022-07-11-13:15,0.033314574298232355,1028765.4122399534,-0.06108619778676187
2022-07-11-13:20,0.03797854845615049,1033563.5475372006,-0.06108619778676187
2022-07-11-13:25,0.041834182292733404,1037548.5901233437,-0.06108619778676187
2022-07-11-13:30,0.04747860025214862,1043404.948019202,-0.06108619778676187
2022-07-11-13:35,0.039920367580007006,1035518.650650809,-0.06108619778676187
2022-07-11-13:40,0.03516615214278016,1030595.5718963486,-0.06108619778676187
2022-07-11-13:45,0.0354493852952613,1030887.47072911,-0.06108619778676187
2022-07-11-13:50,0.036527047557828346,1031998.4192532678,-0.06108619778676187
2022-07-11-13:55,0.034863059816143266,1030281.186534192,-0.06108619778676187
2022-07-11-14:00,0.03514719556479024,1030573.9262504447,-0.06108619778676187
2022-07-11-14:05,0.02970188309350062,1024962.1291972472,-0.06108619778676187
2022-07-11-14:10,0.027780259563382884,1022992.5378523022,-0.06108619778676187
2022-07-11-14:15,0.030601630318836337,1025878.7790816458,-0.06108619778676187
2022-07-11-14:20,0.02490140180338806,1020031.0356117313,-0.06108619778676187
2022-07-11-14:25,0.026555354705350236,1021718.1189031728,-0.06108619778676187
2022-07-11-14:30,0.018796555321816757,1013790.8129920819,-0.06593056172017993
2022-07-11-14:35,0.00814377855567729,1002991.1257737142,-0.0765833384863194
2022-07-11-14:40,0.01693828142393263,1011811.9341061659,-0.0765833384863194
2022-07-11-14:45,0.008549523005443219,1003324.0882260047,-0.0765833384863194
2022-07-11-14:50,0.0037126418547140487,998471.1288555918,-0.08101447518728264
2022-07-11-14:55,0.006470690954952492,1001224.961254146,-0.08101447518728264
2022-07-11-15:00,0.009974451239813048,1004733.0135095994,-0.08101447518728264
2022-07-12-09:35,-6.648504167289064e-05,994644.5533410441,-0.08479360208366958
2022-07-12-09:40,-0.011722301387130969,983051.1590982907,-0.09644941842912766
2022-07-12-09:45,-0.010108493267812234,984637.6150405492,-0.09644941842912766
2022-07-12-09:50,-0.003628827039036388,991017.7381423098,-0.09644941842912766
2022-07-12-09:55,-0.01438180428824869,980361.3469504997,-0.09910892133024538
2022-07-12-10:00,-0.011295425654460178,983387.1132651198,-0.09910892133024538
2022-07-12-10:05,-0.01710518554028418,977673.8702622359,-0.10183230258228088
2022-07-12-10:10,-0.022760960321414725,972144.3670426364,-0.10748807736341141
2022-07-12-10:15,-0.019053833227294904,975748.2297650961,-0.10748807736341141
2022-07-12-10:20,-0.02160403686745161,973259.8730776727,-0.10748807736341141
2022-07-12-10:25,-0.0198411742012052,974975.5965724771,-0.10748807736341141
2022-07-12-10:30,-0.016080319591347543,978642.3380393456,-0.10748807736341141
2022-07-12-10:35,-0.017907043371109724,976854.628808567,-0.10748807736341141
2022-07-12-10:40,-0.019602518320135515,975198.3962565821,-0.10748807736341141
2022-07-12-10:45,-0.02459776612608552,970327.0386073155,-0.10932488316808221
2022-07-12-10:50,-0.027193482345298312,967808.3449752617,-0.111920599387295
2022-07-12-10:55,-0.025016693983992516,969915.0589165784,-0.111920599387295
2022-07-12-11:00,-0.02094876472526655,973860.6047632241,-0.111920599387295
2022-07-12-11:05,-0.033140986365844484,961987.0804229236,-0.11786810340784118
2022-07-12-11:10,-0.027547785844552558,967367.6670626212,-0.11786810340784118
2022-07-12-11:15,-0.022003382917641125,972731.1431872826,-0.11786810340784118
2022-07-12-11:20,-0.02448406471599438,970318.1067456866,-0.11786810340784118
2022-07-12-11:25,-0.02494230836522466,969873.4646355372,-0.11786810340784118
2022-07-12-11:30,-0.018393665463634475,976224.8196151634,-0.11786810340784118
2022-07-12-13:05,-0.02290446109171157,971821.2689668229,-0.11786810340784118
2022-07-12-13:10,-0.03301872075678816,961992.0163044481,-0.11786810340784118
2022-07-12-13:15,-0.03102571519729149,963909.2717411345,-0.11786810340784118
2022-07-12-13:20,-0.03229911997141858,962681.825072674,-0.11786810340784118
2022-07-12-13:25,-0.03055520637033784,964360.6590009315,-0.11786810340784118
2022-07-12-13:30,-0.03579312918598194,959309.412302641,-0.12052024622797863
2022-07-12-13:35,-0.03117511173231057,963739.5199121258,-0.12052024622797863
2022-07-12-13:40,-0.033075626225015864,961907.91898734,-0.12052024622797863
2022-07-12-13:45,-0.039328303798574514,955893.4189144593,-0.1240554208405712
2022-07-12-13:50,-0.028847444419127337,965912.0034198407,-0.1240554208405712
2022-07-12-13:55,-0.0290286506852051,965736.9741123413,-0.1240554208405712
2022-07-12-14:00,-0.029253506781365436,965519.8222664248,-0.1240554208405712
2022-07-12-14:05,-0.03231034781618348,962568.3816537905,-0.1240554208405712
2022-07-12-14:10,-0.032170577794801467,962702.919857076,-0.1240554208405712
2022-07-12-14:15,-0.039390255730050665,955752.5148283838,-0.12411737277204735
2022-07-12-14:20,-0.05942952665583832,936599.931245735,-0.144156643697835
2022-07-12-14:25,-0.0564031626772719,939434.4235399849,-0.144156643697835
2022-07-12-14:30,-0.04685457845858651,948404.6922510884,-0.144156643697835
2022-07-12-14:35,-0.04989262171502828,945523.3977714173,-0.144156643697835
2022-07-12-14:40,-0.05588974866022314,939852.9739253301,-0.144156643697835
2022-07-12-14:45,-0.06097548180406963,935073.1325054953,-0.14570259884606632
2022-07-12-14:50,-0.07172266332513245,925023.7318149899,-0.15644978036712914
2022-07-12-14:55,-0.059796679930219636,936055.5494805158,-0.15644978036712914
2022-07-12-15:00,-0.058267821486578844,937486.6459110558,-0.15644978036712914
2022-07-13-09:35,-0.06879921888984447,927613.601482712,-0.15644978036712914
2022-07-13-09:40,-0.06989887453694656,926593.5459475127,-0.15644978036712914
2022-07-13-09:45,-0.06940054819152078,927055.2919229597,-0.15644978036712914
2022-07-13-09:50,-0.06781992953687653,928520.6128112599,-0.15644978036712914
2022-07-13-09:55,-0.07011755468941941,926387.2204966103,-0.15644978036712914
2022-07-13-10:00,-0.06929173138361801,927152.252653493,-0.15644978036712914
2022-07-13-10:05,-0.06953391581930907,926927.7108083845,-0.15644978036712914
2022-07-13-10:10,-0.07018043406509829,926328.4351308192,-0.15644978036712914
2022-07-13-10:15,-0.08093758296027677,916363.7822282793,-0.16566470000227346
2022-07-13-10:20,-0.07780992178382098,919229.8576534648,-0.16566470000227346
2022-07-13-10:25,-0.07677048263306949,920185.3411560495,-0.16566470000227346
2022-07-13-10:30,-0.055282516404917624,939958.2526904512,-0.16566470000227346
2022-07-13-10:35,-0.058952624405081526,936508.5043874319,-0.16566470000227346
2022-07-13-10:40,-0.06369841464494608,932064.0314677599,-0.16566470000227346
2022-07-13-10:45,-0.05507683416916557,940099.8965236396,-0.16566470000227346
2022-07-13-10:50,-0.06451370869693707,931228.291756575,-0.16566470000227346
2022-07-13-10:55,-0.07305441334535313,923274.9459564331,-0.16566470000227346
2022-07-13-11:00,-0.08043648183393443,916459.2670715916,-0.16566470000227346
2022-07-13-11:05,-0.0878387716730662,909675.3699509695,-0.1725658887150629
2022-07-13-11:10,-0.08437441587038029,912826.8090974195,-0.1725658887150629
2022-07-13-11:15,-0.09278449198692451,905149.866151688,-0.1775116090289212
2022-07-13-11:20,-0.1096091507931814,889921.0284851568,-0.1943362678351781
2022-07-13-11:25,-0.10640144047788981,892775.6373480236,-0.1943362678351781
2022-07-13-11:30,-0.10175918504033336,896920.1299050204,-0.1943362678351781
2022-07-13-13:05,-0.10465507094862363,894322.7515399666,-0.1943362678351781
2022-07-13-13:10,-0.09973311586932672,898724.5679494395,-0.1943362678351781
2022-07-13-13:15,-0.09794759457460045,900329.2598036069,-0.1943362678351781
2022-07-13-13:20,-0.09815751494815007,900140.2623490713,-0.1943362678351781
2022-07-13-13:25,-0.09072828312246602,906827.6130336947,-0.1943362678351781
2022-07-13-13:30,-0.08519439953315978,911845.8914797915,-0.1943362678351781
2022-07-13-13:35,-0.08374340551205842,913168.9744164945,-0.1943362678351781
2022-07-13-13:40,-0.08529184602463201,911754.9865816827,-0.1943362678351781
2022-07-13-13:45,-0.08357137259806545,913323.636807636,-0.1943362678351781
2022-07-13-13:50,-0.08029541111928053,916315.6498594816,-0.1943362678351781
2022-07-13-13:55,-0.08329575222956706,913566.3903452093,-0.1943362678351781
2022-07-13-14:00,-0.0871751140226264,910022.3357950809,-0.1943362678351781
2022-07-13-14:05,-0.09136257583917128,906211.6520117361,-0.1943362678351781
2022-07-13-14:10,-0.08684690772714941,910303.8030714683,-0.1943362678351781
2022-07-13-14:15,-0.10266079737998714,895908.3591791375,-0.1943362678351781
2022-07-13-14:20,-0.09890370575727853,899274.368970124,-0.1943362678351781
2022-07-13-14:25,-0.1039587492541769,894728.4979193342,-0.1943362678351781
2022-07-13-14:30,-0.10441028992462788,894324.4916135122,-0.1943362678351781
2022-07-13-14:35,-0.10887644613826233,890330.298728287,-0.1943362678351781
2022-07-13-14:40,-0.10648130915851903,892462.761750957,-0.1943362678351781
2022-07-13-14:45,-0.11664313069522797,883393.7144378853,-0.20137024773722467
2022-07-13-14:50,-0.12604217223631475,875090.6602187486,-0.21076928927831146
2022-07-13-14:55,-0.11489965844345362,884841.3699702399,-0.21076928927831146
2022-07-13-15:00,-0.11538686040507388,884410.2735190677,-0.21076928927831146
2022-07-14-09:35,-0.11980525656901145,880502.598559204,-0.21076928927831146
2022-07-14-09:40,-0.12140976949508861,879089.8207583713,-0.21076928927831146
2022-07-14-09:45,-0.12648247539641214,874630.4566368167,-0.2112095924384088
2022-07-14-09:50,-0.1300190168689292,871537.2897537941,-0.2147461339109259
2022-07-14-09:55,-0.12394180508116762,876833.8064445597,-0.2147461339109259
2022-07-14-10:00,-0.13660438959837248,865730.824262913,-0.22133150664036916
2022-07-14-10:05,-0.13909667440482773,863573.1764831225,-0.2238237914468244
2022-07-14-10:10,-0.13949679998543307,863227.638764487,-0.22422391702742978
2022-07-14-10:15,-0.1383571414443747,864211.4235158826,-0.22422391702742978
2022-07-14-10:20,-0.139992552206505,862798.0828531088,-0.22471966924850167
2022-07-14-10:25,-0.15359831155731404,851059.05976947,-0.23832542859931072
2022-07-14-10:30,-0.15182928850004526,852564.6028692998,-0.23832542859931072
2022-07-14-10:35,-0.149074133024789,854913.5509029048,-0.23832542859931072
2022-07-14-10:40,-0.15381724642406602,850858.5989843938,-0.23854436346606273
2022-07-14-10:45,-0.1563099429822519,848737.6666832025,-0.24103706002424857
2022-07-14-10:50,-0.1536933626501367,850958.4569689711,-0.24103706002424857
2022-07-14-10:55,-0.1472677350798745,856426.3990912186,-0.24103706002424857
2022-07-14-11:00,-0.16232352699364289,843532.2214370433,-0.2470506440356396
2022-07-14-11:05,-0.14851513413496711,855180.0457395975,-0.2470506440356396
2022-07-14-11:10,-0.14926094271916363,854542.2451204514,-0.2470506440356396
2022-07-14-11:15,-0.15690661912209056,848008.6916416298,-0.2470506440356396
2022-07-14-11:20,-0.15518853905022764,849465.6384755058,-0.2470506440356396
2022-07-14-11:25,-0.15207503077727433,852110.4567684887,-0.2470506440356396
2022-07-14-11:30,-0.15852874381940318,846611.1804003076,-0.2470506440356396
2022-07-14-13:05,-0.15943878285023616,845840.7311822037,-0.2470506440356396
2022-07-14-13:10,-0.16020772289063984,845190.3303761935,-0.2470506440356396
2022-07-14-13:15,-0.16253729602382846,843221.3976901183,-0.24726441306582514
2022-07-14-13:20,-0.16771664834872077,838854.056983593,-0.25244376539071745
2022-07-14-13:25,-0.1728693749210467,834531.6713938703,-0.2575964919630434
2022-07-14-13:30,-0.17202767224686444,835234.0989333723,-0.2575964919630434
2022-07-14-13:35,-0.18253070121351203,826461.6109983433,-0.2672578182555087
2022-07-14-13:40,-0.18317479810558,825929.2896432858,-0.26790191514757666
2022-07-14-13:45,-0.17659377990456504,831364.7453311796,-0.26790191514757666
2022-07-14-13:50,-0.17526092500441862,832472.8339058032,-0.26790191514757666
2022-07-14-13:55,-0.17309247317538942,834278.0111451034,-0.26790191514757666
2022-07-14-14:00,-0.1769273271034819,831078.6768369424,-0.26790191514757666
2022-07-14-14:05,-0.1804312371698907,828166.6518951957,-0.26790191514757666
2022-07-14-14:10,-0.17923289519748625,829159.0787543074,-0.26790191514757666
2022-07-14-14:15,-0.17958592286506841,828866.3626586802,-0.26790191514757666
2022-07-14-14:20,-0.1771926171864543,830850.0932312434,-0.26790191514757666
2022-07-14-14:25,-0.17371981552516205,833735.4708153016,-0.26790191514757666
2022-07-14-14:30,-0.1759885677005693,831843.9316521753,-0.26790191514757666
2022-07-14-14:35,-0.17631867703511317,831569.3322054533,-0.26790191514757666
2022-07-14-14:40,-0.17364783468324335,833790.3227964237,-0.26790191514757666
2022-07-14-14:45,-0.17815894954337785,830028.9988810204,-0.26790191514757666
2022-07-14-14:50,-0.17863968096501961,829629.9778603844,-0.26790191514757666
2022-07-14-14:55,-0.18185675516036945,826960.9966669211,-0.26790191514757666
2022-07-14-15:00,-0.18185610439467964,826961.5348247645,-0.26790191514757666
2022-07-15-09:35,-0.18793693529389263,821932.9215713415,-0.2726640523358893
2022-07-15-09:40,-0.19025222486029142,820029.9088537476,-0.2749793419022881
2022-07-15-09:45,-0.19773490326945659,813893.888759898,-0.2824620203114533
2022-07-15-09:50,-0.20297866376645654,809626.0241372692,-0.2877057808084532
2022-07-15-09:55,-0.2209717777722468,795058.3307829127,-0.3056988948142435
2022-07-15-10:00,-0.22428019073599698,792427.9494944129,-0.3090073077779937
2022-07-15-10:05,-0.2279753119167293,789499.8321940318,-0.31270242895872596
2022-07-15-10:10,-0.23435199240787713,784465.4440163156,-0.31907910944987383
2022-07-15-10:15,-0.2353934174398741,783648.4820661804,-0.3201205344818708
2022-07-15-10:20,-0.23834049822599473,781339.0066816106,-0.32306761526799144
2022-07-15-10:25,-0.2448810759833691,776228.5981535398,-0.3296081930253658
2022-07-15-10:30,-0.235699971930279,783355.2336821717,-0.3296081930253658
2022-07-15-10:35,-0.23328383137591296,785247.9300307462,-0.3296081930253658
2022-07-15-10:40,-0.2408629093945102,779296.4747051011,-0.3296081930253658
2022-07-15-10:45,-0.2441928531593347,776701.4612682071,-0.3296081930253658
2022-07-15-10:50,-0.2335350001708377,784979.4312583545,-0.3296081930253658
2022-07-15-10:55,-0.23314700574448685,785283.9989024827,-0.3296081930253658
2022-07-15-11:00,-0.23599332575771736,783048.8293403368,-0.3296081930253658
2022-07-15-11:05,-0.23844307095034234,781130.5592350698,-0.3296081930253658
2022-07-15-11:10,-0.23542913248445285,783484.83867443,-0.3296081930253658
2022-07-15-11:15,-0.23983143778165142,780035.6992188588,-0.3296081930253658
2022-07-15-11:20,-0.24070362144384058,779355.3648260758,-0.3296081930253658
2022-07-15-11:25,-0.2410664590606048,779072.58538289,-0.3296081930253658
2022-07-15-11:30,-0.23966391841114557,780165.2663527689,-0.3296081930253658
2022-07-15-13:05,-0.23864970403019475,780956.5211854222,-0.3296081930253658
2022-07-15-13:10,-0.24757626117604317,773985.2681706375,-0.33230337821803985
2022-07-15-13:15,-0.24380783312030602,776901.9759699389,-0.33230337821803985
2022-07-15-13:20,-0.25208725860157394,770469.673953646,-0.33681437564357064
2022-07-15-13:25,-0.2452635360286533,775727.1452595543,-0.33681437564357064
2022-07-15-13:30,-0.24289646164204445,777563.3491160953,-0.33681437564357064
2022-07-15-13:35,-0.25465372514004947,768421.3319341461,-0.33938084218204617
2022-07-15-13:40,-0.25593121937711844,767439.6781109595,-0.34065833641911514
2022-07-15-13:45,-0.24841589436451902,773207.236719528,-0.34065833641911514
2022-07-15-13:50,-0.24401341936981102,776611.262244913,-0.34065833641911514
2022-07-15-13:55,-0.24770537112016794,773744.050935921,-0.34065833641911514
2022-07-15-14:00,-0.251435779566741,770857.669592824,-0.34065833641911514
2022-07-15-14:05,-0.25295630061861407,769685.5642782103,-0.34065833641911514
2022-07-15-14:10,-0.2503281233929938,771708.4343491349,-0.34065833641911514
2022-07-15-14:15,-0.25884219170123546,765138.0560250402,-0.34356930874323216
2022-07-15-14:20,-0.2567214626436793,766760.7065334946,-0.34356930874323216
2022-07-15-14:25,-0.253107618723318,769531.6600511726,-0.34356930874323216
2022-07-15-14:30,-0.24772269583548817,773675.5287002918,-0.34356930874323216
2022-07-15-14:35,-0.239968655861268,779674.6396769098,-0.34356930874323216
2022-07-15-14:40,-0.26211975437528123,762403.9899245488,-0.34684687141727794
2022-07-15-14:45,-0.25825994436048266,765346.7244801819,-0.34684687141727794
2022-07-15-14:50,-0.2589679051577332,764804.8890029459,-0.34684687141727794
2022-07-15-14:55,-0.23619048855399594,782225.168580341,-0.34684687141727794
2022-07-15-15:00,-0.26749268709246865,757739.8010516489,-0.35221980413446535
2022-07-18-09:35,-0.252111677387324,769394.6042855986,-0.35221980413446535
2022-07-18-09:40,-0.21249659937776033,799874.23155451,-0.35221980413446535
2022-07-18-09:45,-0.2302026291540622,785711.6345933093,-0.35221980413446535
2022-07-18-09:50,-0.2319119467356898,784368.6038822095,-0.35221980413446535
2022-07-18-09:55,-0.268916410845708,755343.4640308252,-0.3536435278877047
2022-07-18-10:00,-0.2575590355094673,763922.1832595996,-0.3536435278877047
2022-07-18-10:05,-0.25826945690374303,763379.4765970502,-0.3536435278877047
2022-07-18-10:10,-0.2542524323545682,766445.9906948768,-0.3536435278877047
2022-07-18-10:15,-0.2440835734908684,774239.8718009015,-0.3536435278877047
2022-07-18-10:20,-0.24502522841297553,773510.8050147286,-0.3536435278877047
2022-07-18-10:25,-0.24549887102816062,773144.4373341674,-0.3536435278877047
2022-07-18-10:30,-0.24161566612173963,776146.7156065956,-0.3536435278877047
2022-07-18-10:35,-0.25747124465210103,763840.4604062132,-0.3536435278877047
2022-07-18-10:40,-0.26138775684329135,760848.8699309079,-0.3536435278877047
2022-07-18-10:45,-0.25959594940162617,762212.1645980326,-0.3536435278877047
2022-07-18-10:50,-0.2555854284847394,765269.0324272586,-0.3536435278877047
2022-07-18-10:55,-0.26778591898002363,755932.3748707944,-0.3536435278877047
2022-07-18-11:00,-0.26379492624854217,758949.2954843952,-0.3536435278877047
2022-07-18-11:05,-0.26257177689256694,759877.6038263848,-0.3536435278877047
2022-07-18-11:10,-0.26183612235542675,760436.6112333109,-0.3536435278877047
2022-07-18-11:15,-0.26113070326074933,760973.0377391666,-0.3536435278877047
2022-07-18-11:20,-0.25545164386095454,765294.6488221297,-0.3536435278877047
2022-07-18-11:25,-0.2415016087368879,775970.5360534587,-0.3536435278877047
2022-07-18-11:30,-0.22793735647741242,786495.9961504082,-0.3536435278877047
2022-07-18-13:05,-0.2333677732132065,782224.9951302779,-0.3536435278877047
2022-07-18-13:10,-0.24382915312885634,774041.8422767028,-0.3536435278877047
2022-07-18-13:15,-0.2377965391619356,778711.3379054022,-0.3536435278877047
2022-07-18-13:20,-0.2432129930168105,774493.4838773697,-0.3536435278877047
2022-07-18-13:25,-0.23634605826041977,779811.8801004053,-0.3536435278877047
2022-07-18-13:30,-0.23311289297649196,782333.1407991403,-0.3536435278877047
2022-07-18-13:35,-0.24146843131095402,775796.3262508729,-0.3536435278877047
2022-07-18-13:40,-0.24752831836760453,771095.0881348283,-0.3536435278877047
2022-07-18-13:45,-0.24414922862956231,773700.6876341994,-0.3536435278877047
2022-07-18-13:50,-0.2444612950718268,773459.2416132318,-0.3536435278877047
2022-07-18-13:55,-0.24221517807568319,775196.5215616437,-0.3536435278877047
2022-07-18-14:00,-0.242547775898169,774938.6928865737,-0.3536435278877047
2022-07-18-14:05,-0.24141278931646157,775818.2379046459,-0.3536435278877047
2022-07-18-14:10,-0.24468269439799717,773281.3859061735,-0.3536435278877047
2022-07-18-14:15,-0.2440169747031451,773796.1745544338,-0.3536435278877047
2022-07-18-14:20,-0.24406967849094996,773755.3925650459,-0.3536435278877047
2022-07-18-14:25,-0.238598078722562,777989.0723917938,-0.3536435278877047
2022-07-18-14:30,-0.22599425290937383,787794.7111447839,-0.3536435278877047
2022-07-18-14:35,-0.22889910823014079,785506.2814864429,-0.3536435278877047
2022-07-18-14:40,-0.23667892024333986,779395.1902812913,-0.3536435278877047
2022-07-18-14:45,-0.24453088071438223,773275.410055882,-0.3536435278877047
2022-07-18-14:50,-0.2502122245283489,768882.1665884684,-0.3536435278877047
2022-07-18-14:55,-0.2463235467028616,771872.1016200935,-0.3536435278877047
2022-07-18-15:00,-0.24580054319617345,772275.7934359554,-0.3536435278877047
2022-07-19-09:35,-0.23123000264453203,783528.2692012651,-0.3536435278877047
2022-07-19-09:40,-0.24457202568375067,773074.4169817027,-0.3536435278877047
2022-07-19-09:45,-0.24086645603918988,775939.0980742566,-0.3536435278877047
2022-07-19-09:50,-0.24849647820831858,770018.6655540563,-0.3536435278877047
2022-07-19-09:55,-0.25634868940848987,763972.3163640518,-0.3536435278877047
2022-07-19-10:00,-0.25425393834338345,765572.6481874671,-0.3536435278877047
2022-07-19-10:05,-0.2517158315944241,767515.7532926505,-0.3536435278877047
2022-07-19-10:10,-0.253128311345883,766431.6528321989,-0.3536435278877047
2022-07-19-10:15,-0.2613703708741195,760114.6775252311,-0.3536435278877047
2022-07-19-10:20,-0.26208312740804673,759572.900822291,-0.3536435278877047
2022-07-19-10:25,-0.26584910993835553,756712.3625472983,-0.3536435278877047
2022-07-19-10:30,-0.2608163427697611,760520.7196815958,-0.3536435278877047
2022-07-19-10:35,-0.25755655296045715,762999.8573733785,-0.3536435278877047
2022-07-19-10:40,-0.2537472696477641,765906.339997658,-0.3536435278877047
2022-07-19-10:45,-0.2590268623519831,761862.6664728913,-0.3536435278877047
2022-07-19-10:50,-0.2554200280170696,764610.5788968144,-0.3536435278877047
2022-07-19-10:55,-0.26034718314856575,760843.2239594067,-0.3536435278877047
2022-07-19-11:00,-0.26175745250406895,759770.2300763145,-0.3536435278877047
2022-07-19-11:05,-0.26215919488842776,759464.9981725188,-0.3536435278877047
2022-07-19-11:10,-0.2570964285564984,763309.9919955455,-0.3536435278877047
2022-07-19-11:15,-0.2541943928826857,765525.1448224942,-0.3536435278877047
2022-07-19-11:20,-0.2538467387667184,765791.2827899682,-0.3536435278877047
2022-07-19-11:25,-0.2562743937195412,763932.2057894745,-0.3536435278877047
2022-07-19-11:30,-0.2638142153071631,758172.2932527835,-0.3536435278877047
2022-07-19-13:05,-0.24741281968019238,770607.3769878299,-0.3536435278877047
2022-07-19-13:10,-0.2510838063931917,767778.4875459683,-0.3536435278877047
2022-07-19-13:15,-0.257278871600286,763022.0497510168,-0.3536435278877047
2022-07-19-13:20,-0.24678170698288562,771031.6178139595,-0.3536435278877047
2022-07-19-13:25,-0.241826694277993,774852.0892761017,-0.3536435278877047
2022-07-19-13:30,-0.2351038884913235,780061.2693857,-0.3536435278877047
2022-07-19-13:35,-0.237632350610924,778088.9140150907,-0.3536435278877047
2022-07-19-13:40,-0.24091422493668188,775535.3239850277,-0.3536435278877047
2022-07-19-13:45,-0.2427415074500653,774118.2018489987,-0.3536435278877047
2022-07-19-13:50,-0.24916490462423205,769145.7331787708,-0.3536435278877047
2022-07-19-13:55,-0.25889608528073055,761661.0370980331,-0.3536435278877047
2022-07-19-14:00,-0.2482334478500482,769782.352581687,-0.3536435278877047
2022-07-19-14:05,-0.251071655009801,767597.5507971384,-0.3536435278877047
2022-07-19-14:10,-0.2451687124737196,772128.6350303307,-0.3536435278877047
2022-07-19-14:15,-0.2572267230730758,762818.2997650686,-0.3536435278877047
2022-07-19-14:20,-0.2570872093234317,762924.7234063658,-0.3536435278877047
2022-07-19-14:25,-0.24973179001508353,768536.3546477252,-0.3536435278877047
2022-07-19-14:30,-0.24329450856591694,773483.6394665092,-0.3536435278877047
2022-07-19-14:35,-0.23906084081592216,776758.3122060671,-0.3536435278877047
2022-07-19-14:40,-0.2419677201253459,774500.3695398924,-0.3536435278877047
2022-07-19-14:45,-0.24277526496004145,773874.9257670006,-0.3536435278877047
2022-07-19-14:50,-0.25005942299107775,768237.8985114573,-0.3536435278877047
2022-07-19-14:55,-0.24225376115055053,774234.503760315,-0.3536435278877047
2022-07-19-15:00,-0.2400394687220347,775948.8853598872,-0.3536435278877047
2022-07-20-09:35,-0.22853791167134582,784873.5057332723,-0.3536435278877047
2022-07-20-09:40,-0.2340179989086903,780572.3304515736,-0.3536435278877047
2022-07-20-09:45,-0.23803064969032708,777440.166279663,-0.3536435278877047
2022-07-20-09:50,-0.254196767304786,764871.9771133814,-0.3536435278877047
2022-07-20-09:55,-0.25194016440942185,766597.9894315184,-0.3536435278877047
2022-07-20-10:00,-0.2511649896031823,767192.2368794397,-0.3536435278877047
2022-07-20-10:05,-0.2551880351602476,764105.7875594469,-0.3536435278877047
2022-07-20-10:10,-0.26065283016653595,759930.1060673159,-0.3536435278877047
2022-07-20-10:15,-0.2556314334519751,763746.0166052183,-0.3536435278877047
2022-07-20-10:20,-0.2513494594363085,767016.3572028907,-0.3536435278877047
2022-07-20-10:25,-0.25157508860218375,766843.2959420023,-0.3536435278877047
2022-07-20-10:30,-0.25309877545657866,765674.8668925947,-0.3536435278877047
2022-07-20-10:35,-0.25782626230486627,762055.1490292957,-0.3536435278877047
2022-07-20-10:40,-0.25965456632581424,760661.8805361413,-0.3536435278877047
2022-07-20-10:45,-0.26326156304145126,757918.1756313372,-0.3536435278877047
2022-07-20-10:50,-0.25988153694862204,760479.9588412006,-0.3536435278877047
2022-07-20-10:55,-0.2664859618985956,755457.4260270749,-0.3536435278877047
2022-07-20-11:00,-0.2673344141333338,754816.4564857127,-0.3536435278877047
2022-07-20-11:05,-0.2645692605714165,756903.6398989579,-0.3536435278877047
2022-07-20-11:10,-0.26538533418305327,756285.9508118845,-0.3536435278877047
2022-07-20-11:15,-0.25188739079868105,766494.2557583394,-0.3536435278877047
2022-07-20-11:20,-0.2520121620319672,766398.6193247418,-0.3536435278877047
2022-07-20-11:25,-0.25446913449947484,764515.599017925,-0.3536435278877047
2022-07-20-11:30,-0.25823167820803294,761639.0756607455,-0.3536435278877047
2022-07-20-13:05,-0.26313152259815287,757907.162708573,-0.3536435278877047
2022-07-20-13:10,-0.2702044014996903,752546.5771281275,-0.35493151854168703
2022-07-20-13:15,-0.2661413252628589,755604.2312427656,-0.35493151854168703
2022-07-20-13:20,-0.2653940832287591,756168.8504854938,-0.35493151854168703
2022-07-20-13:25,-0.26063831017502315,759765.0179287072,-0.35493151854168703
2022-07-20-13:30,-0.2592219497890427,760841.1190027551,-0.35493151854168703
2022-07-20-13:35,-0.25404322182357075,764781.3081830158,-0.35493151854168703
2022-07-20-13:40,-0.25541337772430683,763733.4385608361,-0.35493151854168703
2022-07-20-13:45,-0.257963576344081,761785.7665999428,-0.35493151854168703
2022-07-20-13:50,-0.2630459194278128,757914.1099777783,-0.35493151854168703
2022-07-20-13:55,-0.25728693985761847,762278.9218531023,-0.35493151854168703
2022-07-20-14:00,-0.25588403241433505,763348.3286264281,-0.35493151854168703
2022-07-20-14:05,-0.2615184152079351,759047.331938092,-0.35493151854168703
2022-07-20-14:10,-0.25635553619551266,762966.2014775905,-0.35493151854168703
2022-07-20-14:15,-0.25982383190618913,760320.0090736147,-0.35493151854168703
2022-07-20-14:20,-0.2520286122125866,766246.8705817853,-0.35493151854168703
2022-07-20-14:25,-0.2534703918047837,765142.1114811955,-0.35493151854168703
2022-07-20-14:30,-0.2540636678057416,764688.1710291315,-0.35493151854168703
2022-07-20-14:35,-0.26125099633733667,759192.1059197206,-0.35493151854168703
2022-07-20-14:40,-0.26878081237097573,753475.5290279541,-0.35493151854168703
2022-07-20-14:45,-0.2572424968456684,762169.3674224764,-0.35493151854168703
2022-07-20-14:50,-0.26128385182453573,759089.1704547035,-0.35493151854168703
2022-07-20-14:55,-0.2506186901806774,767184.9791597051,-0.35493151854168703
2022-07-20-15:00,-0.25154512299253756,766474.2338222453,-0.35493151854168703
2022-07-21-09:35,-0.27467677437185745,748744.4190542378,-0.35940389141385415
2022-07-21-09:40,-0.28550621612972304,740635.934976563,-0.37023333317171975
2022-07-21-09:45,-0.2671789018277231,754209.802540234,-0.37023333317171975
2022-07-21-09:50,-0.2621208798390194,758024.6123055784,-0.37023333317171975
2022-07-21-09:55,-0.2610943988047425,758802.7101936252,-0.37023333317171975
2022-07-21-10:00,-0.2639944750365272,756602.1244891789,-0.37023333317171975
2022-07-21-10:05,-0.25768028991763303,761379.4503645522,-0.37023333317171975
2022-07-21-10:10,-0.2468103925309629,769655.5668623341,-0.37023333317171975
2022-07-21-10:15,-0.2522936441119302,765435.351758536,-0.37023333317171975
2022-07-21-10:20,-0.2570464596553922,761797.3787211827,-0.37023333317171975
2022-07-21-10:25,-0.26433414503287017,756245.6391036754,-0.37023333317171975
2022-07-21-10:30,-0.26824715564486323,753286.4418925892,-0.37023333317171975
2022-07-21-10:35,-0.27350742253563454,749323.9541630347,-0.37023333317171975
2022-07-21-10:40,-0.27578820412491717,747614.9098839711,-0.37023333317171975
2022-07-21-10:45,-0.28006561957249354,744417.0503195949,-0.37023333317171975
2022-07-21-10:50,-0.28244914783411296,742642.7112417269,-0.37023333317171975
2022-07-21-10:55,-0.28089181900283294,743799.2501472835,-0.37023333317171975
2022-07-21-11:00,-0.28306896651778524,742179.889458202,-0.37023333317171975
2022-07-21-11:05,-0.28132214963786156,743476.3418170474,-0.37023333317171975
2022-07-21-11:10,-0.28430251752605745,741260.5088022626,-0.37023333317171975
2022-07-21-11:15,-0.28688180240761063,739348.5867786164,-0.37160891944960733
2022-07-21-11:20,-0.26736766317673266,753776.3380411672,-0.37160891944960733
2022-07-21-11:25,-0.27513339194704045,747922.7154464637,-0.37160891944960733
2022-07-21-11:30,-0.2751519964084862,747908.8007471397,-0.37160891944960733
2022-07-21-13:05,-0.2837950562986811,741444.5801898782,-0.37160891944960733
2022-07-21-13:10,-0.27708390132461824,746420.5296722115,-0.37160891944960733
2022-07-21-13:15,-0.2805471254710591,743835.5080704516,-0.37160891944960733
2022-07-21-13:20,-0.27494647549595125,748001.4703902106,-0.37160891944960733
2022-07-21-13:25,-0.2800563969413086,744179.2416355049,-0.37160891944960733
2022-07-21-13:30,-0.2814703508390246,743127.006496195,-0.37160891944960733
2022-07-21-13:35,-0.28712217642601795,738926.982266494,-0.37184929346801465
2022-07-21-13:40,-0.2884401181572498,737953.1195602317,-0.3731672351992465
2022-07-21-13:45,-0.2826563715786668,742221.2533906428,-0.3731672351992465
2022-07-21-13:50,-0.28598011710282234,739754.2988217525,-0.3731672351992465
2022-07-21-13:55,-0.2813127992921634,743206.9672361548,-0.3731672351992465
2022-07-21-14:00,-0.2757963464594052,747306.8334158903,-0.3731672351992465
2022-07-21-14:05,-0.2824508560267816,742333.8729431585,-0.3731672351992465
2022-07-21-14:10,-0.27760587069678977,745930.4696675242,-0.3731672351992465
2022-07-21-14:15,-0.2762294462880135,746957.1865732246,-0.3731672351992465
2022-07-21-14:20,-0.27922971529343477,744716.1140779722,-0.3731672351992465
2022-07-21-14:25,-0.2766136398156709,746664.3476419072,-0.3731672351992465
2022-07-21-14:30,-0.28213990606516665,742538.0816578319,-0.3731672351992465
2022-07-21-14:35,-0.28576778203081377,739844.2455978077,-0.3731672351992465
2022-07-21-14:40,-0.27505602686108427,747769.2760203846,-0.3731672351992465
2022-07-21-14:45,-0.27416734491827427,748433.8050733721,-0.3731672351992465
2022-07-21-14:50,-0.27168957116990927,750288.2547079718,-0.3731672351992465
2022-07-21-14:55,-0.27287378799938317,749399.7507297901,-0.3731672351992465
2022-07-21-15:00,-0.28017120986750677,743931.0646008481,-0.3731672351992465
2022-07-22-09:35,-0.2893978828750332,737067.055927635,-0.3741249999170299
2022-07-22-09:40,-0.3062281325040476,724662.0333830502,-0.3909552495460443
2022-07-22-09:45,-0.273173445567388,748615.5100314101,-0.3909552495460443
2022-07-22-09:50,-0.28357708496350914,740827.1842187,-0.3909552495460443
2022-07-22-09:55,-0.27306116737288805,748617.6618368358,-0.3909552495460443
2022-07-22-10:00,-0.26598726988117616,753913.3064371546,-0.3909552495460443
2022-07-22-10:05,-0.26466588013001063,754909.519753548,-0.3909552495460443
2022-07-22-10:10,-0.27283716265374025,748740.9407877887,-0.3909552495460443
2022-07-22-10:15,-0.27493729455009,747168.4860559374,-0.3909552495460443
2022-07-22-10:20,-0.2819472502653835,741930.8680568223,-0.3909552495460443
2022-07-22-10:25,-0.276077650842339,746285.7050519076,-0.3909552495460443
2022-07-22-10:30,-0.27882342107848823,744236.5759753124,-0.3909552495460443
2022-07-22-10:35,-0.29954925870515986,728811.649545818,-0.3909552495460443
2022-07-22-10:40,-0.29726097336673124,730479.3785579498,-0.3909552495460443
2022-07-22-10:45,-0.2944174461145327,732556.5165780484,-0.3909552495460443
2022-07-22-10:50,-0.29351004199130853,733221.2413816861,-0.3909552495460443
2022-07-22-10:55,-0.30148199409356313,727376.0367650356,-0.3909552495460443
2022-07-22-11:00,-0.28396516427015084,740117.3590186768,-0.3909552495460443
2022-07-22-11:05,-0.2893136314080765,736158.8656457572,-0.3909552495460443
2022-07-22-11:10,-0.27830768168239883,744260.9931111662,-0.3909552495460443
2022-07-22-11:15,-0.2796723341871284,743245.3354827445,-0.3909552495460443
2022-07-22-11:20,-0.29431163885972034,732364.7405701298,-0.3909552495460443
2022-07-22-11:25,-0.28121918134554896,741953.1948209214,-0.3909552495460443
2022-07-22-11:30,-0.29040026631363836,735141.2594969252,-0.3909552495460443
2022-07-22-13:05,-0.28601955595122774,738361.700430239,-0.3909552495460443
2022-07-22-13:10,-0.291837979400698,734065.5993982649,-0.3909552495460443
2022-07-22-13:15,-0.301328451524468,727098.9702901571,-0.3909552495460443
2022-07-22-13:20,-0.29719826607041094,730102.0238809095,-0.3909552495460443
2022-07-22-13:25,-0.29977526574982355,728220.5511994299,-0.3909552495460443
2022-07-22-13:30,-0.2997385275142664,728247.3047375776,-0.3909552495460443
2022-07-22-13:35,-0.3084176095191413,721926.786659931,-0.393144726561138
2022-07-22-13:40,-0.3064058598524633,723379.12263236,-0.393144726561138
2022-07-22-13:45,-0.3043377314730654,724875.1635249399,-0.393144726561138
2022-07-22-13:50,-0.29040977352117003,734971.1943228886,-0.393144726561138
2022-07-22-13:55,-0.2856916498062889,738438.8793445779,-0.393144726561138
2022-07-22-14:00,-0.2733180868511502,747575.9993066702,-0.393144726561138
2022-07-22-14:05,-0.27696134448505955,744852.3873402687,-0.393144726561138
2022-07-22-14:10,-0.27695961705740757,744853.6740188793,-0.393144726561138
2022-07-22-14:15,-0.2759893421556958,745576.3868442276,-0.393144726561138
2022-07-22-14:20,-0.277010630019035,744814.9387291513,-0.393144726561138
2022-07-22-14:25,-0.27404753937561205,747021.8929051813,-0.393144726561138
2022-07-22-14:30,-0.2794287931911857,743001.9784936683,-0.393144726561138
2022-07-22-14:35,-0.301844736885936,726346.8879786661,-0.393144726561138
2022-07-22-14:40,-0.27825708993050985,743479.7019394793,-0.393144726561138
2022-07-22-14:45,-0.27739784875954904,744118.5303091593,-0.393144726561138
2022-07-22-14:50,-0.2767973330744843,744565.3851581573,-0.393144726561138
2022-07-22-14:55,-0.286787706288638,737126.8990780872,-0.393144726561138
2022-07-22-15:00,-0.29059588349612253,734319.7892219942,-0.393144726561138
2022-07-25-09:35,-0.2860698678680177,737643.3320640397,-0.393144726561138
2022-07-25-09:40,-0.307221676296203,722040.8416158928,-0.393144726561138
2022-07-25-09:45,-0.28657829573002275,736946.2054936949,-0.393144726561138
2022-07-25-09:50,-0.2892470402419014,734979.4843522337,-0.393144726561138
2022-07-25-09:55,-0.292006661555752,732951.2193019724,-0.393144726561138
2022-07-25-10:00,-0.29441703121052293,731184.5359245396,-0.393144726561138
2022-07-25-10:05,-0.30851533912081364,720876.0711978325,-0.39324245616281034
2022-07-25-10:10,-0.31208732724126154,718301.1104351986,-0.39681444428325824
2022-07-25-10:15,-0.30518166970103017,723261.451914632,-0.39681444428325824
2022-07-25-10:20,-0.30758576289778083,721522.6639786119,-0.39681444428325824
2022-07-25-10:25,-0.310791460512657,719209.6804956166,-0.39681444428325824
2022-07-25-10:30,-0.3120643727299447,718294.1897065222,-0.39681444428325824
2022-07-25-10:35,-0.30932232761533346,720263.7847802605,-0.39681444428325824
2022-07-25-10:40,-0.31847579273128845,713670.8753519887,-0.40320290977328516
2022-07-25-10:45,-0.3155407106198952,715765.5579716567,-0.40320290977328516
2022-07-25-10:50,-0.31202808840464163,718279.7719715012,-0.40320290977328516
2022-07-25-10:55,-0.32428496187057465,709475.9076933073,-0.40901207891257135
2022-07-25-11:00,-0.32796954857762417,706861.7821948486,-0.4126966656196209
2022-07-25-11:05,-0.33603760702323543,701158.7800231318,-0.42076472406523213
2022-07-25-11:10,-0.323601035439763,709878.7913822696,-0.42076472406523213
2022-07-25-11:15,-0.32911646687071927,705963.5035841105,-0.42076472406523213
2022-07-25-11:20,-0.3321851481853743,703797.1265718335,-0.42076472406523213
2022-07-25-11:25,-0.33009153877798947,705270.6028569147,-0.42076472406523213
2022-07-25-11:30,-0.32741861659238664,707155.7362981444,-0.42076472406523213
2022-07-25-13:05,-0.3332089622082503,703061.0601807376,-0.42076472406523213
2022-07-25-13:10,-0.3197974520778362,712490.1707116513,-0.42076472406523213
2022-07-25-13:15,-0.3187292231451002,713251.2733262955,-0.42076472406523213
2022-07-25-13:20,-0.3202126409174865,712193.2237112661,-0.42076472406523213
2022-07-25-13:25,-0.31296427018428763,717355.4642303974,-0.42076472406523213
2022-07-25-13:30,-0.3203485491285464,712058.3113803319,-0.42076472406523213
2022-07-25-13:35,-0.3297329749902889,705376.0529479455,-0.42076472406523213
2022-07-25-13:40,-0.3315531197994639,704092.166386656,-0.42076472406523213
2022-07-25-13:45,-0.3267032506720423,707506.9212472739,-0.42076472406523213
2022-07-25-13:50,-0.3355533625215155,701245.4058599591,-0.42076472406523213
2022-07-25-13:55,-0.33732658855579645,700001.9392498684,-0.42205370559779315
2022-07-25-14:00,-0.33927196424068184,698640.172497879,-0.42399908128267855
2022-07-25-14:05,-0.3356879127751515,701144.1348319984,-0.42399908128267855
2022-07-25-14:10,-0.33245590698538585,703410.2367352357,-0.42399908128267855
2022-07-25-14:15,-0.33519107486287025,701486.2916510238,-0.42399908128267855
2022-07-25-14:20,-0.35762472735711565,685749.3919546478,-0.44235184439911235
2022-07-25-14:25,-0.3553017876092313,687342.3464743068,-0.44235184439911235
2022-07-25-14:30,-0.35784421141795286,685594.830927888,-0.44257132845994956
2022-07-25-14:35,-0.3620436776263934,682715.6986027249,-0.4467707946683901
2022-07-25-14:40,-0.3591545905637406,684688.123695028,-0.4467707946683901
2022-07-25-14:45,-0.3597102416929437,684307.6759659449,-0.4467707946683901
2022-07-25-14:50,-0.36038347027799095,683846.9804775174,-0.4467707946683901
2022-07-25-14:55,-0.36157892906295486,683029.4695971345,-0.4467707946683901
2022-07-25-15:00,-0.36194095766234635,682782.1933949131,-0.4467707946683901
